s01_e02_c02_qa0,ross
s01_e02_c02_qa1,ross
s01_e02_c02_qa2,ross
s01_e02_c02_qa3,carol
s01_e02_c02_qa4,carol
s01_e02_c02_qa5,ross or the museum of prehistoric history
s01_e02_c02_qa6,ross
s01_e02_c02_qa7,ross
s01_e02_c02_qa8,ross
s01_e02_c02_qa9,ross
s01_e02_c02_qa10,ross or the museum
s01_e02_c02_qa11,ross
s01_e02_c02_qa12,ross
s01_e02_c02_qa13,ross
s01_e02_c02_qa14,ross
s01_e02_c02_qa15,ross
s01_e02_c02_qa16,ross
s01_e02_c06_qa0,carol
s01_e02_c06_qa1,carol
s01_e02_c06_qa2,carol
s01_e02_c06_qa3,carol
s01_e06_c01_qa0,chandler
s01_e06_c01_qa1,joey
s01_e06_c01_qa2,phoebe
s01_e06_c01_qa3,chandler
s01_e06_c01_qa4,chandler
s01_e06_c01_qa5,chandler
s01_e06_c01_qa6,chandler or rachel or joey
s01_e06_c01_qa7,joey
s01_e06_c01_qa8,joey
s01_e06_c01_qa9,joey
s01_e06_c01_qa10,joey
s01_e06_c01_qa11,joey
s01_e07_c07_qa0,
s01_e07_c07_qa1,joey
s01_e07_c07_qa2,monica
s01_e09_c01_qa0,rachel
s01_e10_c01_qa0,marcel
s01_e10_c01_qa1,monica
s01_e10_c01_qa2,marcel or chandler or monica
s01_e10_c01_qa3,monica
s01_e10_c01_qa4,marcel
s01_e10_c01_qa5,marcel
s01_e10_c01_qa6,ross
s01_e10_c01_qa7,monica
s01_e10_c01_qa8,marcel
s01_e12_c06_qa0,phoebe
s01_e12_c06_qa1,phoebe
s01_e12_c06_qa2,phoebe
s01_e12_c06_qa3,phoebe
s01_e13_c13_qa0,monica
s01_e13_c13_qa1,monica
s01_e13_c13_qa2,joey
s01_e13_c13_qa3,joey
s01_e13_c13_qa4,joey
s01_e13_c13_qa5,joey
s01_e13_c13_qa6,joey
s01_e13_c13_qa7,rachel
s01_e13_c13_qa8,joey
s01_e13_c13_qa9,joey
s01_e13_c13_qa10,monica
s01_e14_c05_qa0,monica
s01_e14_c05_qa1,howard or monica or rachel or pete
s01_e14_c05_qa2,pete
s01_e14_c05_qa3,monica
s01_e14_c05_qa4,howard
s01_e14_c05_qa5,howard
s01_e14_c05_qa6,monica
s01_e14_c05_qa7,pete
s01_e14_c05_qa8,pete
s01_e14_c05_qa9,pete
s01_e14_c05_qa10,monica
s01_e14_c05_qa11,pete
s01_e14_c05_qa12,pete
s01_e14_c05_qa13,pete
s01_e14_c05_qa14,pete
s01_e14_c05_qa15,pete
s01_e14_c05_qa16,monica
s01_e14_c09_qa0,kristin
s01_e14_c09_qa1,ross
s01_e14_c09_qa2,kristin
s01_e14_c09_qa3,ross
s01_e14_c09_qa4,kristin
s01_e14_c09_qa5,ross
s01_e14_c09_qa6,kristin
s01_e14_c09_qa7,kristin
s01_e14_c09_qa8,kristin
s01_e14_c09_qa9,kristin
s01_e14_c09_qa10,ross
s01_e14_c09_qa11,ross
s01_e14_c09_qa12,ross
s01_e14_c11_qa0,joey
s01_e14_c11_qa1,valentine
s01_e15_c01_qa0,joey
s01_e15_c01_qa1,ross
s01_e15_c01_qa2,ross
s01_e15_c01_qa3,ross
s01_e16_c03_qa0,carol
s01_e16_c03_qa1,ross
s01_e16_c03_qa2,susan
s01_e16_c03_qa3,carol
s01_e16_c03_qa4,ross
s01_e16_c03_qa5,susan
s01_e16_c03_qa6,
s01_e16_c04_qa0,nina
s01_e16_c04_qa1,nina or wenus
s01_e16_c07_qa0,chandler
s01_e16_c07_qa1,chandler
s01_e16_c07_qa2,douglas
s01_e18_c05_qa0,rachel
s01_e20_c05_qa0,barry
s01_e20_c05_qa1,rachel
s01_e20_c05_qa2,rachel
s01_e20_c09_qa0,joey
s01_e20_c09_qa1,joey or naked guy's or monica
s01_e20_c09_qa2,joey
s01_e20_c09_qa3,joey or naked guy's
s01_e20_c09_qa4,monica
s01_e20_c09_qa5,sidney
s01_e21_c01_qa0,monica
s01_e21_c01_qa1,joey
s01_e21_c01_qa2,joey or monica
s01_e21_c01_qa3,monica
s01_e21_c01_qa4,joey
s01_e23_c08_qa0,phoebe
s01_e23_c08_qa1,ross
s01_e23_c08_qa2,susan
s01_e23_c18_qa0,
s01_e23_c18_qa1,phoebe
s01_e23_c18_qa2,ben
s01_e23_c18_qa3,ross
s01_e23_c18_qa4,ross
s01_e23_c18_qa5,ross
s01_e23_c18_qa6,ross
s01_e23_c18_qa7,ross
s01_e23_c18_qa8,ben
s01_e23_c18_qa9,ben
s01_e23_c18_qa10,ben
s01_e23_c18_qa11,ben
s01_e23_c21_qa0,ross
s01_e23_c21_qa1,ross
s02_e02_c03_qa0,bijan or department store or hombre
s02_e02_c03_qa1,bijan
s02_e02_c03_qa2,##mbre
s02_e02_c03_qa3,joey
s02_e02_c03_qa4,joey
s02_e02_c03_qa5,joey
s02_e02_c03_qa6,bijan
s02_e02_c03_qa7,bijan or department store or hombre
s02_e02_c03_qa8,bijan
s02_e02_c03_qa9,bijan
s02_e02_c03_qa10,bijan
s02_e02_c03_qa11,bijan
s02_e02_c03_qa12,bijan
s02_e02_c03_qa13,bijan
s02_e02_c03_qa14,bijan
s02_e02_c03_qa15,bijan or department store or hombre
s02_e02_c03_qa16,joey
s02_e02_c03_qa17,bijan
s02_e02_c03_qa18,bijan or department store or hombre
s02_e02_c03_qa19,bijan
s02_e02_c03_qa20,bijan or department store or hombre
s02_e02_c03_qa21,bijan or department store or hombre
s02_e02_c03_qa22,joey
s02_e03_c02_qa0,
s02_e03_c02_qa1,
s02_e03_c02_qa2,
s02_e03_c02_qa3,
s02_e03_c02_qa4,
s02_e03_c02_qa5,
s02_e03_c02_qa6,phoebe
s02_e03_c02_qa7,ross
s02_e03_c02_qa8,phoebe
s02_e03_c02_qa9,ross
s02_e03_c02_qa10,ross
s02_e03_c02_qa11,ross
s02_e03_c02_qa12,ross
s02_e03_c02_qa13,ross
s02_e03_c02_qa14,ross
s02_e03_c02_qa15,ross
s02_e03_c02_qa16,ross
s02_e03_c02_qa17,ross
s02_e03_c02_qa18,phoebe
s02_e03_c02_qa19,
s02_e03_c02_qa20,treeger
s02_e03_c02_qa21,treeger
s02_e04_c01_qa0,phoebe
s02_e04_c01_qa1,rachel
s02_e04_c01_qa2,phoebe
s02_e04_c01_qa3,stranger
s02_e04_c01_qa4,stranger
s02_e04_c01_qa5,stranger
s02_e04_c01_qa6,stranger
s02_e04_c01_qa7,stranger
s02_e04_c01_qa8,stranger
s02_e04_c01_qa9,phoebe
s02_e04_c01_qa10,stranger
s02_e04_c01_qa11,rachel
s02_e04_c01_qa12,stranger
s02_e04_c01_qa13,stranger
s02_e04_c01_qa14,stranger
s02_e08_c12_qa0,dj
s02_e08_c12_qa1,ross
s02_e08_c12_qa2,ross
s02_e08_c12_qa3,ross
s02_e08_c12_qa4,ross
s02_e08_c12_qa5,
s02_e08_c12_qa6,ross
s02_e08_c12_qa7,ross
s02_e09_c04_qa0,chandler
s02_e09_c04_qa1,chandler
s02_e09_c04_qa2,monica
s02_e09_c04_qa3,monica
s02_e09_c04_qa4,joey
s02_e09_c04_qa5,monica
s02_e09_c04_qa6,chandler or monica or rachel or joey
s02_e09_c04_qa7,ross
s02_e09_c04_qa8,joey
s02_e09_c04_qa9,chandler
s02_e09_c04_qa10,joey
s02_e09_c04_qa11,joey
s02_e09_c04_qa12,monica
s02_e09_c04_qa13,chandler
s02_e09_c04_qa14,chandler
s02_e09_c04_qa15,joey
s02_e09_c04_qa16,joey
s02_e09_c04_qa17,chandler
s02_e09_c04_qa18,chandler
s02_e09_c04_qa19,chandler
s02_e09_c04_qa20,chandler
s02_e09_c04_qa21,chandler
s02_e09_c04_qa22,joey
s02_e09_c04_qa23,monica
s02_e11_c01_qa0,ross
s02_e11_c01_qa1,susan
s02_e11_c01_qa2,susan
s02_e11_c01_qa3,susan
s02_e11_c01_qa4,ross
s02_e11_c01_qa5,ross
s02_e11_c01_qa6,
s02_e11_c01_qa7,susan
s02_e11_c03_qa0,phoebe
s02_e11_c03_qa1,phoebe
s02_e11_c03_qa2,phoebe
s02_e11_c03_qa3,phoebe
s02_e11_c03_qa4,phoebe
s02_e11_c03_qa5,phoebe
s02_e11_c03_qa6,phoebe
s02_e11_c03_qa7,phoebe
s02_e11_c03_qa8,phoebe
s02_e11_c09_qa0,rose
s02_e11_c09_qa1,ross
s02_e11_c09_qa2,ross
s02_e11_c09_qa3,monica
s02_e11_c09_qa4,ross
s02_e11_c09_qa5,ross
s02_e11_c09_qa6,ross
s02_e11_c09_qa7,ross
s02_e12_c11_qa0,phoebe
s02_e12_c11_qa1,
s02_e12_c11_qa2,phoebe
s02_e12_c11_qa3,ross
s02_e12_c11_qa4,
s02_e12_c11_qa5,ross
s02_e13_c02_qa0,marcel
s02_e13_c02_qa1,marcel or chandler or monica or joey
s02_e13_c02_qa2,marcel
s02_e13_c02_qa3,marcel
s02_e13_c02_qa4,monica
s02_e13_c02_qa5,phoebe
s02_e13_c02_qa6,chandler
s02_e13_c02_qa7,ross
s02_e13_c02_qa8,phoebe
s02_e13_c07_qa0,drew
s02_e13_c07_qa1,drew
s02_e13_c07_qa2,drew
s02_e13_c07_qa3,drew
s02_e13_c07_qa4,drew
s02_e13_c07_qa5,drew
s02_e13_c07_qa6,drew
s02_e13_c07_qa7,drew
s02_e13_c07_qa8,drew
s02_e13_c07_qa9,drew
s02_e13_c07_qa10,drew
s02_e13_c07_qa11,monica
s02_e13_c07_qa12,rachel
s02_e13_c07_qa13,drew
s02_e13_c10_qa0,joey
s02_e13_c10_qa1,marcel
s02_e13_c10_qa2,phoebe
s02_e13_c10_qa3,ross
s02_e14_c01_qa0,chandler
s02_e14_c01_qa1,joey
s02_e14_c01_qa2,drake
s02_e14_c01_qa3,drake
s02_e14_c01_qa4,joey
s02_e14_c01_qa5,
s02_e14_c01_qa6,chandler
s02_e14_c01_qa7,joey
s02_e14_c01_qa8,joey
s02_e16_c08_qa0,
s02_e16_c08_qa1,judy
s02_e16_c08_qa2,judy
s02_e16_c08_qa3,monica
s02_e16_c08_qa4,mr
s02_e16_c08_qa5,mr
s02_e16_c08_qa6,monica
s02_e16_c08_qa7,monica
s02_e16_c08_qa8,jack
s02_e16_c08_qa9,judy
s02_e16_c08_qa10,
s02_e16_c08_qa11,
s02_e16_c08_qa12,jack
s02_e16_c08_qa13,monica
s02_e16_c08_qa14,
s02_e16_c08_qa15,monica
s02_e16_c08_qa16,monica
s02_e16_c08_qa17,monica
s02_e16_c08_qa18,monica
s02_e16_c08_qa19,mr
s02_e16_c08_qa20,judy
s02_e16_c08_qa21,monica
s02_e16_c08_qa22,monica or mr or jack or judy
s02_e16_c08_qa23,judy
s02_e16_c08_qa24,judy
s02_e16_c08_qa25,monica
s02_e16_c08_qa26,
s02_e16_c08_qa27,
s02_e17_c01_qa0,joey
s02_e17_c01_qa1,monica
s02_e17_c01_qa2,joey
s02_e17_c01_qa3,rachel or joey
s02_e17_c01_qa4,ross
s02_e17_c01_qa5,monica or rachel or joey or ross
s02_e18_c06_qa0,joey
s02_e18_c06_qa1,joey
s02_e18_c06_qa2,joey
s02_e18_c06_qa3,joey
s02_e19_c04_qa0,ross
s02_e19_c04_qa1,ross
s02_e19_c04_qa2,ross
s02_e19_c04_qa3,phoebe
s02_e19_c04_qa4,monica
s02_e19_c04_qa5,ross
s02_e19_c14_qa0,chandler
s02_e19_c14_qa1,eddie
s02_e19_c14_qa2,joey
s02_e19_c14_qa3,eddie
s02_e19_c14_qa4,chandler
s02_e19_c14_qa5,chandler
s02_e19_c14_qa6,chandler
s02_e19_c14_qa7,chandler
s02_e19_c14_qa8,eddie
s02_e19_c14_qa9,joey
s02_e19_c14_qa10,joey
s02_e19_c14_qa11,joey
s02_e19_c14_qa12,eddie
s02_e19_c14_qa13,joey
s02_e19_c14_qa14,joey
s02_e19_c14_qa15,joey or chandler or eddie
s02_e19_c14_qa16,eddie
s02_e19_c14_qa17,eddie
s02_e19_c14_qa18,eddie
s02_e19_c14_qa19,joey
s02_e19_c14_qa20,eddie
s02_e19_c14_qa21,chandler
s02_e19_c14_qa22,eddie
s02_e19_c14_qa23,joey
s02_e20_c02_qa0,jaguar
s02_e20_c02_qa1,
s02_e20_c02_qa2,monica
s02_e20_c02_qa3,jaguar
s02_e20_c02_qa4,monica
s02_e20_c02_qa5,knicks
s02_e20_c02_qa6,monica
s02_e20_c02_qa7,richard
s02_e22_c02_qa0,ross
s02_e22_c02_qa1,ross
s02_e22_c02_qa2,ross
s02_e22_c02_qa3,ross
s02_e22_c02_qa4,chandler
s02_e22_c02_qa5,joey
s02_e22_c02_qa6,monica
s02_e22_c02_qa7,
s02_e22_c02_qa8,monica
s02_e22_c02_qa9,monica
s02_e22_c02_qa10,ross
s02_e23_c03_qa0,chandler
s02_e23_c03_qa1,joey
s02_e23_c03_qa2,chandler
s02_e23_c03_qa3,joseph
s02_e23_c03_qa4,joseph
s02_e23_c03_qa5,chandler
s02_e23_c03_qa6,chandler
s02_e23_c12_qa0,monica
s02_e23_c12_qa1,richard
s02_e24_c09_qa0,angela
s02_e24_c09_qa1,phoebe
s02_e24_c09_qa2,angela
s02_e24_c09_qa3,phoebe
s02_e24_c09_qa4,phoebe
s02_e24_c09_qa5,angela
s02_e24_c09_qa6,angela
s02_e24_c09_qa7,angela
s02_e24_c09_qa8,angela
s02_e24_c10_qa0,monica
s02_e24_c10_qa1,monica
s02_e24_c10_qa2,monica
s02_e24_c10_qa3,monica
s02_e24_c10_qa4,ross
s02_e24_c10_qa5,monica
s02_e24_c10_qa6,monica
s02_e24_c10_qa7,monica
s02_e24_c10_qa8,monica
s02_e24_c10_qa9,monica
s02_e24_c10_qa10,monica
s02_e24_c10_qa11,monica
s02_e24_c10_qa12,monica
s02_e24_c10_qa13,monica
s02_e24_c10_qa14,monica
s02_e24_c10_qa15,monica
s02_e24_c10_qa16,monica or rachel
s02_e24_c10_qa17,rachel
s02_e24_c10_qa18,rachel
s02_e24_c10_qa19,rachel
s02_e24_c10_qa20,rachel
s02_e24_c10_qa21,monica
s02_e24_c10_qa22,rachel
s02_e24_c10_qa23,monica
s02_e24_c10_qa24,monica
s02_e24_c10_qa25,monica
s02_e24_c10_qa26,monica
s02_e24_c10_qa27,monica
s02_e24_c10_qa28,rachel
s02_e24_c11_qa0,monica
s02_e24_c11_qa1,richard
s02_e24_c11_qa2,richard
s02_e24_c12_qa0,janice
s02_e24_c12_qa1,chandler
s02_e24_c12_qa2,rachael
s02_e24_c12_qa3,chandler or janice
s02_e24_c12_qa4,janice
s02_e24_c12_qa5,janice
s02_e24_c12_qa6,janice
s02_e24_c12_qa7,janice
s03_e02_c01_qa0,chandler
s03_e02_c01_qa1,joey
s03_e04_c11_qa0,carol
s03_e04_c11_qa1,carol
s03_e04_c11_qa2,carol
s03_e04_c11_qa3,carol
s03_e04_c11_qa4,carol
s03_e04_c11_qa5,ross
s03_e05_c05_qa0,joey
s03_e05_c05_qa1,joey
s03_e06_c13_qa0,carol
s03_e06_c13_qa1,phoebe
s03_e06_c13_qa2,phoebe
s03_e06_c13_qa3,carol
s03_e06_c13_qa4,phoebe
s03_e06_c13_qa5,ross
s03_e06_c13_qa6,phoebe
s03_e06_c13_qa7,ross
s03_e06_c13_qa8,ross
s03_e06_c13_qa9,ross
s03_e06_c13_qa10,ross
s03_e06_c13_qa11,ross
s03_e06_c13_qa12,carol
s03_e06_c13_qa13,carol
s03_e06_c13_qa14,ross or carol or phoebe
s03_e06_c13_qa15,carol
s03_e06_c13_qa16,phoebe
s03_e06_c13_qa17,ross
s03_e06_c13_qa18,carol
s03_e06_c13_qa19,phoebe
s03_e07_c04_qa0,janice
s03_e07_c04_qa1,janice
s03_e07_c04_qa2,chandler
s03_e07_c04_qa3,chandler
s03_e07_c04_qa4,janice
s03_e07_c04_qa5,janice
s03_e07_c04_qa6,janice
s03_e07_c04_qa7,chandler
s03_e07_c04_qa8,janice
s03_e07_c04_qa9,phoebe
s03_e08_c11_qa0,janice
s03_e09_c01_qa0,monica
s03_e09_c01_qa1,rachel
s03_e09_c01_qa2,monica
s03_e09_c01_qa3,monica
s03_e09_c01_qa4,rachel
s03_e09_c01_qa5,guys
s03_e09_c01_qa6,monica
s03_e09_c01_qa7,monica
s03_e09_c01_qa8,monica
s03_e10_c15_qa0,ross
s03_e10_c15_qa1,sarah
s03_e11_c08_qa0,monica
s03_e11_c08_qa1,phoebe
s03_e11_c08_qa2,rachel
s03_e11_c08_qa3,
s03_e11_c08_qa4,monica
s03_e11_c08_qa5,rachel
s03_e11_c08_qa6,
s03_e11_c09_qa0,angela
s03_e11_c14_qa0,guy
s03_e11_c14_qa1,guy
s03_e11_c14_qa2,joey
s03_e11_c14_qa3,joey
s03_e11_c14_qa4,joey
s03_e11_c14_qa5,monica
s03_e11_c14_qa6,monica
s03_e11_c14_qa7,rachel
s03_e11_c14_qa8,monica
s03_e11_c14_qa9,monica
s03_e11_c14_qa10,monica
s03_e11_c14_qa11,monica
s03_e11_c14_qa12,monica
s03_e11_c14_qa13,monica
s03_e12_c04_qa0,julio
s03_e12_c04_qa1,monica
s03_e12_c04_qa2,julio
s03_e12_c07_qa0,mark
s03_e12_c07_qa1,quartet
s03_e12_c07_qa2,rachel
s03_e12_c07_qa3,ross
s03_e12_c07_qa4,quartet
s03_e12_c07_qa5,rachel
s03_e12_c07_qa6,quartet
s03_e12_c10_qa0,mark
s03_e12_c10_qa1,mark
s03_e12_c10_qa2,ross
s03_e12_c10_qa3,ross
s03_e12_c10_qa4,ross
s03_e12_c10_qa5,ross
s03_e12_c10_qa6,ross
s03_e13_c01_qa0,clerk
s03_e13_c01_qa1,clerk
s03_e13_c01_qa2,clerk
s03_e13_c01_qa3,richard
s03_e13_c01_qa4,clerk
s03_e13_c01_qa5,clerk
s03_e13_c01_qa6,clerk
s03_e13_c01_qa7,clerk
s03_e13_c01_qa8,
s03_e13_c01_qa9,richard
s03_e14_c02_qa0,leslie
s03_e14_c02_qa1,leslie
s03_e14_c02_qa2,monica
s03_e14_c02_qa3,monica
s03_e14_c02_qa4,leslie
s03_e14_c02_qa5,chandler or monica or joey or ross
s03_e14_c02_qa6,chandler
s03_e14_c02_qa7,monica
s03_e14_c02_qa8,chandler
s03_e14_c02_qa9,monica
s03_e14_c02_qa10,phoebe
s03_e14_c02_qa11,phoebe
s03_e14_c02_qa12,leslie
s03_e14_c02_qa13,phoebe
s03_e14_c02_qa14,ross
s03_e14_c02_qa15,leslie
s03_e14_c02_qa16,leslie
s03_e14_c02_qa17,leslie
s03_e14_c02_qa18,leslie
s03_e16_c09_qa0,monica
s03_e16_c09_qa1,phoebe
s03_e18_c09_qa0,phoebe
s03_e19_c04_qa0,ross
s03_e19_c04_qa1,ross
s03_e19_c04_qa2,ross
s03_e19_c04_qa3,ross
s03_e19_c04_qa4,ross
s03_e19_c04_qa5,phoebe
s03_e19_c04_qa6,phoebe
s03_e19_c04_qa7,
s03_e19_c04_qa8,ross
s03_e19_c04_qa9,ross
s03_e19_c04_qa10,ross
s03_e19_c04_qa11,ross
s03_e19_c04_qa12,ross
s03_e19_c04_qa13,ross
s03_e19_c04_qa14,ross
s03_e19_c04_qa15,ross
s03_e19_c04_qa16,ross
s03_e19_c04_qa17,rachel or gunther or ross
s03_e19_c07_qa0,chandler
s03_e19_c07_qa1,monica
s03_e19_c07_qa2,monica
s03_e19_c07_qa3,chandler
s03_e19_c07_qa4,phoebe
s03_e19_c07_qa5,chandler or monica or joey or chadler
s03_e19_c07_qa6,chandler
s03_e19_c07_qa7,chandler
s03_e19_c07_qa8,chandler or monica or joey or chadler
s03_e19_c07_qa9,monica
s03_e19_c07_qa10,chandler or monica or joey or chadler
s03_e19_c07_qa11,chandler
s03_e19_c07_qa12,chandler
s03_e19_c07_qa13,chandler or monica or joey or chadler
s03_e19_c07_qa14,monica
s03_e19_c07_qa15,
s03_e19_c07_qa16,
s03_e19_c07_qa17,monica
s03_e19_c07_qa18,phoebe
s03_e19_c07_qa19,phoebe
s03_e19_c07_qa20,chandler or monica or joey or chadler
s03_e19_c07_qa21,
s03_e19_c07_qa22,
s03_e19_c07_qa23,chandler
s03_e19_c07_qa24,
s03_e19_c07_qa25,monica
s03_e19_c07_qa26,##ler
s03_e19_c07_qa27,
s03_e19_c09_qa0,chandler or mark
s03_e19_c09_qa1,mark
s03_e19_c09_qa2,rachel
s03_e19_c09_qa3,ross
s03_e19_c09_qa4,rachel
s03_e19_c15_qa0,ross
s03_e19_c15_qa1,ross
s03_e19_c15_qa2,spiderman
s03_e19_c15_qa3,spiderman or rachel
s03_e19_c15_qa4,ross
s03_e19_c15_qa5,ross
s03_e19_c15_qa6,ross
s03_e20_c01_qa0,joey
s03_e20_c01_qa1,monica
s03_e20_c01_qa2,chandler or monica
s03_e20_c01_qa3,ross
s03_e20_c01_qa4,silvia
s03_e20_c01_qa5,joey
s03_e20_c01_qa6,ross
s03_e20_c01_qa7,silvia
s03_e20_c01_qa8,ross
s03_e20_c01_qa9,ross
s03_e20_c01_qa10,ross
s03_e20_c01_qa11,silvia or ross
s03_e20_c01_qa12,ross
s03_e20_c01_qa13,ross
s03_e20_c01_qa14,ross
s03_e20_c01_qa15,ross
s03_e20_c01_qa16,ross
s03_e20_c01_qa17,monica
s03_e20_c01_qa18,ross
s03_e20_c01_qa19,monica or joey or silvia or ross
s03_e20_c01_qa20,ross
s03_e20_c01_qa21,ross
s03_e20_c01_qa22,ross
s03_e20_c01_qa23,joey
s03_e20_c01_qa24,ross
s03_e20_c01_qa25,silvia
s03_e20_c09_qa0,
s03_e20_c09_qa1,joey
s03_e20_c09_qa2,rachel
s03_e21_c12_qa0,phoebe
s03_e21_c12_qa1,phoebe
s03_e21_c12_qa2,phoebe
s03_e21_c12_qa3,
s03_e21_c12_qa4,phoebe
s03_e21_c12_qa5,
s03_e21_c12_qa6,pete
s03_e21_c12_qa7,phoebe
s03_e21_c12_qa8,pete
s03_e21_c12_qa9,pete
s03_e21_c12_qa10,pete
s03_e21_c12_qa11,phoebe
s03_e21_c12_qa12,phoebe
s03_e21_c16_qa0,joey
s03_e21_c16_qa1,joey
s03_e21_c16_qa2,chandler
s03_e21_c16_qa3,joey
s03_e22_c05_qa0,phoebe
s03_e23_c08_qa0,vince
s03_e23_c08_qa1,vince
s03_e23_c08_qa2,phoebe
s03_e23_c08_qa3,vince
s03_e25_c06_qa0,bonnie
s03_e25_c06_qa1,bonnie
s03_e25_c06_qa2,monica
s03_e25_c06_qa3,monica
s03_e25_c06_qa4,ross
s03_e25_c06_qa5,ross
s03_e25_c06_qa6,ross
s04_e01_c08_qa0,rachel
s04_e01_c08_qa1,chandler
s04_e01_c08_qa2,chandler
s04_e01_c08_qa3,joey
s04_e01_c08_qa4,ross
s04_e01_c08_qa5,joey
s04_e01_c08_qa6,rachel
s04_e01_c08_qa7,joey
s04_e01_c08_qa8,ross
s04_e01_c08_qa9,chandler
s04_e01_c08_qa10,joey
s04_e01_c08_qa11,rachel
s04_e01_c08_qa12,ross
s04_e01_c08_qa13,joey
s04_e01_c08_qa14,joey
s04_e01_c08_qa15,joey or ross
s04_e01_c08_qa16,joey
s04_e01_c08_qa17,chandler or rachel or joey
s04_e01_c08_qa18,joey
s04_e01_c08_qa19,chandler
s04_e01_c08_qa20,joey
s04_e01_c08_qa21,chandler
s04_e01_c08_qa22,chandler
s04_e01_c08_qa23,chandler
s04_e01_c08_qa24,rachel
s04_e02_c10_qa0,joey
s04_e02_c10_qa1,joey
s04_e02_c10_qa2,joey
s04_e02_c10_qa3,joey
s04_e02_c10_qa4,joey
s04_e02_c10_qa5,joey
s04_e02_c10_qa6,joey
s04_e02_c12_qa0,chandler
s04_e02_c12_qa1,joey
s04_e03_c11_qa0,chandler
s04_e03_c11_qa1,rachel
s04_e03_c11_qa2,chandler
s04_e03_c11_qa3,rachel
s04_e03_c11_qa4,chandler
s04_e03_c11_qa5,chandler
s04_e03_c11_qa6,chandler
s04_e03_c12_qa0,joey
s04_e03_c12_qa1,
s04_e03_c12_qa2,joey
s04_e03_c12_qa3,salesman
s04_e03_c12_qa4,joey
s04_e03_c12_qa5,joey
s04_e03_c12_qa6,joey
s04_e03_c12_qa7,joey
s04_e03_c12_qa8,joey
s04_e03_c12_qa9,joey
s04_e03_c12_qa10,chandler
s04_e03_c12_qa11,chandler
s04_e03_c12_qa12,chandler
s04_e03_c12_qa13,chandler
s04_e03_c12_qa14,joey
s04_e04_c01_qa0,chandler
s04_e04_c01_qa1,monica
s04_e04_c01_qa2,phoebe
s04_e04_c12_qa0,chandler
s04_e04_c12_qa1,ross
s04_e04_c12_qa2,chandler
s04_e04_c12_qa3,ross
s04_e05_c04_qa0,
s04_e05_c04_qa1,joey
s04_e05_c04_qa2,kathy
s04_e05_c04_qa3,monica
s04_e05_c04_qa4,phoebe
s04_e05_c04_qa5,rachel
s04_e05_c04_qa6,ross
s04_e05_c04_qa7,phoebe
s04_e05_c04_qa8,chandler
s04_e05_c04_qa9,monica
s04_e06_c06_qa0,burkart
s04_e06_c06_qa1,monica
s04_e06_c06_qa2,phoebe
s04_e06_c06_qa3,phoebe
s04_e06_c06_qa4,monica
s04_e06_c11_qa0,rachel
s04_e06_c11_qa1,rachel
s04_e06_c11_qa2,rachel
s04_e06_c11_qa3,rachel
s04_e06_c11_qa4,monica
s04_e06_c11_qa5,monica
s04_e06_c11_qa6,gunther
s04_e06_c11_qa7,gunther
s04_e06_c11_qa8,monica
s04_e06_c11_qa9,monica
s04_e06_c11_qa10,monica
s04_e06_c11_qa11,monica
s04_e06_c11_qa12,
s04_e06_c11_qa13,monica
s04_e06_c11_qa14,monica
s04_e06_c11_qa15,monica
s04_e06_c11_qa16,gunther
s04_e06_c11_qa17,monica
s04_e06_c11_qa18,
s04_e06_c11_qa19,gunther
s04_e06_c11_qa20,monica
s04_e06_c13_qa0,ross
s04_e06_c13_qa1,ross
s04_e06_c13_qa2,ross
s04_e06_c13_qa3,cheryl
s04_e06_c13_qa4,ross
s04_e08_c04_qa0,chandler
s04_e08_c04_qa1,chandler
s04_e08_c04_qa2,joey
s04_e08_c04_qa3,kathy
s04_e08_c04_qa4,joey
s04_e08_c04_qa5,joey
s04_e08_c04_qa6,joey
s04_e08_c04_qa7,joey
s04_e08_c04_qa8,joey
s04_e08_c04_qa9,kathy
s04_e08_c05_qa0,rachel
s04_e08_c05_qa1,rachel
s04_e08_c05_qa2,rachel
s04_e08_c05_qa3,rachel
s04_e08_c05_qa4,richard
s04_e08_c05_qa5,richard
s04_e08_c05_qa6,monica
s04_e08_c05_qa7,rachel
s04_e08_c05_qa8,richard
s04_e08_c05_qa9,monica
s04_e08_c05_qa10,
s04_e10_c01_qa0,ross
s04_e10_c01_qa1,ross
s04_e10_c01_qa2,ross
s04_e10_c01_qa3,joey
s04_e10_c01_qa4,ross
s04_e10_c01_qa5,ross
s04_e10_c01_qa6,ross
s04_e10_c01_qa7,ross
s04_e10_c01_qa8,joey
s04_e10_c01_qa9,phoebe
s04_e10_c01_qa10,ross
s04_e10_c01_qa11,ross
s04_e10_c01_qa12,ross
s04_e10_c08_qa0,monica
s04_e10_c08_qa1,monica
s04_e10_c08_qa2,allesandro
s04_e10_c08_qa3,monica
s04_e10_c08_qa4,monica
s04_e10_c11_qa0,rachel
s04_e10_c11_qa1,chandler
s04_e10_c11_qa2,chandler
s04_e10_c11_qa3,chandler
s04_e10_c11_qa4,joey
s04_e10_c11_qa5,joey
s04_e10_c11_qa6,joey
s04_e10_c11_qa7,joey
s04_e10_c11_qa8,joey
s04_e10_c11_qa9,joey
s04_e10_c11_qa10,rachel
s04_e10_c11_qa11,
s04_e10_c11_qa12,rachel
s04_e10_c11_qa13,chandler
s04_e10_c11_qa14,joey
s04_e10_c11_qa15,joey
s04_e10_c11_qa16,rachel
s04_e10_c11_qa17,rachel
s04_e10_c11_qa18,chandler
s04_e10_c11_qa19,chandler
s04_e11_c09_qa0,phillips
s04_e11_c09_qa1,ross
s04_e11_c09_qa2,ross
s04_e12_c01_qa0,chandler
s04_e12_c01_qa1,joey
s04_e12_c01_qa2,chandler or monica or rachel or joey or chik
s04_e12_c01_qa3,joey or chik
s04_e12_c01_qa4,joey or chik
s04_e12_c01_qa5,joey or chik
s04_e12_c01_qa6,chandler
s04_e12_c01_qa7,joey
s04_e12_c01_qa8,##k
s04_e12_c01_qa9,joey
s04_e12_c01_qa10,##k
s04_e12_c01_qa11,rachel or joey or chik
s04_e12_c01_qa12,monica
s04_e12_c01_qa13,monica
s04_e12_c01_qa14,monica
s04_e12_c01_qa15,monica
s04_e12_c01_qa16,monica
s04_e12_c01_qa17,monica
s04_e12_c10_qa0,chandler
s04_e12_c10_qa1,joey
s04_e13_c06_qa0,chandker
s04_e13_c06_qa1,chandler
s04_e13_c06_qa2,kathy
s04_e13_c06_qa3,chandler
s04_e13_c06_qa4,chandker
s04_e13_c06_qa5,
s04_e13_c06_qa6,chan
s04_e13_c06_qa7,chandker
s04_e13_c06_qa8,kathy
s04_e13_c06_qa9,chandler
s04_e15_c11_qa0,rachel
s04_e15_c11_qa1,rachel
s04_e15_c12_qa0,joey
s04_e15_c12_qa1,phoebe
s04_e17_c01_qa0,treeger
s04_e17_c01_qa1,treeger
s04_e17_c01_qa2,treeger
s04_e17_c01_qa3,joey
s04_e17_c01_qa4,joey
s04_e17_c01_qa5,joey
s04_e17_c05_qa0,alice
s04_e17_c05_qa1,alice
s04_e17_c05_qa2,alice
s04_e17_c05_qa3,alice
s04_e17_c05_qa4,alice
s04_e17_c05_qa5,alice
s04_e17_c05_qa6,frank
s04_e17_c05_qa7,alice
s04_e17_c05_qa8,phoebe
s04_e17_c05_qa9,phoebe
s04_e17_c05_qa10,phoebe
s04_e17_c05_qa11,phoebe
s04_e17_c05_qa12,phoebe
s04_e17_c05_qa13,phoebe
s04_e17_c05_qa14,alice
s04_e17_c05_qa15,phoebe or frank jr
s04_e17_c05_qa16,phoebe
s04_e17_c12_qa0,chandler
s04_e17_c12_qa1,chandler
s04_e17_c12_qa2,chandler
s04_e17_c12_qa3,chandler
s04_e17_c12_qa4,chandler
s04_e17_c12_qa5,chandler
s04_e17_c12_qa6,emily
s04_e17_c12_qa7,ross
s04_e17_c12_qa8,ross
s04_e17_c12_qa9,ross
s04_e17_c12_qa10,emily
s04_e17_c12_qa11,ross
s04_e18_c12_qa0,alice
s04_e18_c12_qa1,chandler
s04_e18_c12_qa2,joey
s04_e18_c12_qa3,chandler
s04_e18_c12_qa4,chandler
s04_e18_c12_qa5,joey
s04_e18_c12_qa6,phoebe
s04_e20_c01_qa0,chandler
s04_e20_c01_qa1,joey
s04_e20_c01_qa2,joey
s04_e20_c01_qa3,joey
s04_e20_c01_qa4,joey
s04_e20_c01_qa5,joey
s04_e20_c01_qa6,chandler
s04_e20_c01_qa7,joey
s04_e20_c01_qa8,chandler
s04_e20_c01_qa9,joey
s04_e20_c01_qa10,joey
s04_e20_c01_qa11,joey
s04_e20_c01_qa12,joey
s04_e20_c04_qa0,emily
s04_e20_c04_qa1,monica
s04_e20_c04_qa2,ross
s04_e20_c04_qa3,ross
s04_e20_c04_qa4,monica
s04_e20_c04_qa5,emily
s04_e20_c04_qa6,emily
s04_e20_c04_qa7,ross
s04_e20_c04_qa8,emily
s04_e20_c04_qa9,monica
s04_e20_c04_qa10,monica
s04_e20_c04_qa11,emily
s04_e20_c04_qa12,monica
s04_e21_c09_qa0,rachel
s04_e23_c04_qa0,emily
s05_e02_c04_qa0,chandler
s05_e02_c04_qa1,joey
s05_e02_c04_qa2,monica
s05_e02_c04_qa3,chandler
s05_e02_c04_qa4,joey
s05_e02_c04_qa5,joey
s05_e02_c04_qa6,monica
s05_e02_c04_qa7,chandler
s05_e02_c04_qa8,
s05_e02_c04_qa9,chandler
s05_e02_c04_qa10,chandler
s05_e02_c04_qa11,chandler
s05_e02_c04_qa12,chandler
s05_e02_c04_qa13,monica
s05_e02_c04_qa14,chandler
s05_e02_c04_qa15,joey
s05_e02_c04_qa16,joey
s05_e02_c04_qa17,chandler
s05_e02_c04_qa18,monica
s05_e02_c04_qa19,monica
s05_e02_c04_qa20,monica
s05_e02_c04_qa21,monica
s05_e02_c04_qa22,monica
s05_e04_c06_qa0,emily
s05_e04_c06_qa1,rachel
s05_e04_c06_qa2,rachel
s05_e04_c06_qa3,rachel
s05_e04_c06_qa4,rachel
s05_e04_c06_qa5,rachel
s05_e04_c06_qa6,rachel
s05_e04_c06_qa7,rachel or ross or emily
s05_e04_c10_qa0,rachel
s05_e04_c10_qa1,rachel
s05_e04_c10_qa2,rachel
s05_e04_c10_qa3,rachel
s05_e04_c10_qa4,rachel
s05_e04_c10_qa5,rachel
s05_e04_c10_qa6,ross
s05_e04_c10_qa7,rachel
s05_e04_c10_qa8,ross
s05_e04_c10_qa9,ross
s05_e05_c04_qa0,lapooh or ross or emily
s05_e05_c04_qa1,rachel
s05_e05_c04_qa2,ross
s05_e05_c04_qa3,lapooh or ross or emily
s05_e05_c04_qa4,
s05_e05_c04_qa5,rachel
s05_e05_c04_qa6,rachel
s05_e05_c04_qa7,rachel
s05_e05_c04_qa8,ross
s05_e05_c04_qa9,
s05_e05_c04_qa10,rachel
s05_e05_c04_qa11,rachel
s05_e05_c04_qa12,rachel
s05_e05_c04_qa13,rachel or lapooh or ross
s05_e05_c07_qa0,donald
s05_e05_c07_qa1,joey
s05_e05_c07_qa2,monica
s05_e05_c09_qa0,chandler
s05_e05_c09_qa1,joey
s05_e05_c09_qa2,chandler
s05_e05_c09_qa3,chandler
s05_e05_c09_qa4,joey
s05_e06_c03_qa0,monica
s05_e06_c03_qa1,rachel
s05_e06_c03_qa2,
s05_e06_c07_qa0,phoebe
s05_e06_c07_qa1,chandler
s05_e06_c07_qa2,chandler
s05_e06_c07_qa3,ross
s05_e06_c07_qa4,emily
s05_e06_c07_qa5,chandler
s05_e06_c07_qa6,ross
s05_e06_c07_qa7,ross
s05_e06_c07_qa8,emily
s05_e06_c07_qa9,ross
s05_e06_c07_qa10,ross
s05_e06_c07_qa11,
s05_e07_c08_qa0,chandler
s05_e07_c08_qa1,joey
s05_e07_c08_qa2,ross
s05_e07_c08_qa3,ross
s05_e07_c08_qa4,ross
s05_e07_c08_qa5,ross
s05_e07_c08_qa6,ross
s05_e07_c08_qa7,joey
s05_e07_c08_qa8,joey
s05_e07_c08_qa9,joey
s05_e07_c08_qa10,joey
s05_e08_c04_qa0,ross
s05_e08_c04_qa1,ross
s05_e08_c04_qa2,
s05_e08_c06_qa0,rachel or joey or ross or phoebe
s05_e08_c06_qa1,ross
s05_e08_c06_qa2,joey
s05_e08_c06_qa3,ross
s05_e08_c06_qa4,ross
s05_e08_c06_qa5,ross or phoebe
s05_e08_c08_qa0,ross
s05_e08_c08_qa1,rachel
s05_e08_c08_qa2,phoebe
s05_e08_c08_qa3,ross
s05_e09_c10_qa0,phoebe
s05_e09_c10_qa1,phoebe
s05_e10_c12_qa0,chandler
s05_e10_c12_qa1,ross
s05_e10_c12_qa2,joey
s05_e10_c12_qa3,ross
s05_e10_c12_qa4,chandler
s05_e10_c12_qa5,ross
s05_e13_c10_qa0,chandler
s05_e13_c10_qa1,monica
s05_e13_c10_qa2,phoebe
s05_e13_c10_qa3,phoebe
s05_e13_c10_qa4,monica
s05_e13_c10_qa5,monica
s05_e13_c10_qa6,chandler
s05_e13_c10_qa7,chandler
s05_e13_c10_qa8,chandler
s05_e13_c10_qa9,chandler
s05_e13_c10_qa10,chandler
s05_e13_c10_qa11,chandler
s05_e13_c10_qa12,chandler
s05_e13_c10_qa13,chandler
s05_e13_c10_qa14,phoebe
s05_e13_c10_qa15,phoebe
s05_e14_c04_qa0,monica
s05_e14_c04_qa1,monica
s05_e14_c04_qa2,monica
s05_e14_c04_qa3,monica
s05_e14_c04_qa4,chandler
s05_e14_c04_qa5,monica
s05_e14_c04_qa6,phoebe
s05_e14_c04_qa7,chandler
s05_e14_c04_qa8,phoebe
s05_e14_c04_qa9,phoebe
s05_e15_c01_qa0,rachel or joey
s05_e15_c01_qa1,rachel
s05_e15_c01_qa2,monica
s05_e15_c01_qa3,rachel
s05_e15_c01_qa4,rachel
s05_e15_c01_qa5,rachel
s05_e15_c01_qa6,joey
s05_e15_c01_qa7,rachel
s05_e15_c01_qa8,rachel
s05_e15_c01_qa9,rachel
s05_e15_c01_qa10,rachel
s05_e15_c01_qa11,rachel
s05_e15_c01_qa12,rachel
s05_e15_c01_qa13,rachel
s05_e15_c01_qa14,rachel
s05_e15_c01_qa15,rachel or joey
s05_e15_c01_qa16,joey
s05_e15_c01_qa17,rachel
s05_e15_c01_qa18,rachel or joey
s05_e15_c01_qa19,joey
s05_e15_c01_qa20,rachel
s05_e15_c01_qa21,rachel
s05_e15_c01_qa22,rachel
s05_e15_c01_qa23,monica
s05_e15_c01_qa24,rachel
s05_e15_c01_qa25,monica
s05_e15_c01_qa26,monica
s05_e15_c01_qa27,monica
s05_e15_c01_qa28,rachel
s05_e15_c01_qa29,rachel
s05_e15_c01_qa30,chandler
s05_e15_c01_qa31,monica
s05_e15_c01_qa32,ross
s05_e15_c01_qa33,rachel or joey
s05_e15_c01_qa34,rachel
s05_e15_c01_qa35,rachel
s05_e15_c01_qa36,chandler
s05_e15_c01_qa37,monica
s05_e15_c01_qa38,rachel
s05_e15_c01_qa39,chandler
s05_e15_c01_qa40,joey
s05_e15_c01_qa41,monica
s05_e15_c01_qa42,rachel
s05_e15_c01_qa43,monica
s05_e15_c01_qa44,chandler
s05_e15_c01_qa45,monica
s05_e15_c06_qa0,chandler
s05_e15_c06_qa1,monica
s05_e15_c06_qa2,chandler
s05_e15_c06_qa3,monica
s05_e15_c06_qa4,chandler
s05_e15_c06_qa5,monica
s05_e15_c06_qa6,monica
s05_e15_c06_qa7,monica
s05_e15_c08_qa0,phoebe
s05_e15_c08_qa1,howard
s05_e15_c08_qa2,ross
s05_e15_c08_qa3,howard
s05_e15_c08_qa4,phoebe
s05_e15_c08_qa5,howard
s05_e15_c08_qa6,howard or ross
s05_e15_c08_qa7,howard
s05_e15_c08_qa8,phoebe
s05_e15_c08_qa9,phoebe
s05_e15_c08_qa10,phoebe
s05_e15_c08_qa11,howard
s05_e15_c08_qa12,howard
s05_e15_c08_qa13,ross
s05_e15_c08_qa14,howard
s05_e15_c08_qa15,
s05_e17_c03_qa0,joey
s05_e17_c03_qa1,ross
s05_e17_c04_qa0,ross
s05_e17_c11_qa0,jen
s05_e17_c11_qa1,joey
s05_e17_c11_qa2,joey
s05_e17_c11_qa3,ross
s05_e17_c11_qa4,joey
s05_e17_c11_qa5,joey
s05_e17_c11_qa6,joey
s05_e17_c11_qa7,joey
s05_e17_c11_qa8,joey
s05_e17_c11_qa9,joey
s05_e17_c11_qa10,joey
s05_e17_c11_qa11,ross
s05_e17_c11_qa12,ross
s05_e17_c11_qa13,ross
s05_e17_c12_qa0,chandler
s05_e17_c12_qa1,chandler
s05_e17_c12_qa2,chandler
s05_e17_c12_qa3,chandler
s05_e17_c12_qa4,chandler
s05_e17_c12_qa5,chandler
s05_e17_c12_qa6,chandler
s05_e17_c12_qa7,phoebe
s05_e17_c12_qa8,joey
s05_e17_c12_qa9,joey
s05_e17_c12_qa10,chandler
s05_e17_c12_qa11,chandler
s05_e17_c12_qa12,chandler
s05_e18_c04_qa0,kim
s05_e18_c04_qa1,nancy
s05_e18_c04_qa2,rachel
s05_e18_c04_qa3,kim
s05_e18_c04_qa4,nancy
s05_e18_c04_qa5,kim
s05_e18_c04_qa6,nancy
s05_e18_c04_qa7,nancy
s05_e18_c04_qa8,nancy
s05_e18_c06_qa0,kim
s05_e18_c06_qa1,nancy
s05_e19_c04_qa0,ross or caitlin
s05_e19_c04_qa1,caitlin
s05_e19_c04_qa2,caitlin
s05_e19_c04_qa3,rachel
s05_e19_c04_qa4,ross
s05_e19_c04_qa5,caitlin
s05_e19_c04_qa6,ross
s05_e19_c04_qa7,rachel or ross or caitlin
s05_e20_c06_qa0,monica
s05_e20_c06_qa1,rachel
s05_e20_c06_qa2,ross
s05_e20_c06_qa3,ross
s05_e20_c06_qa4,rachel
s05_e20_c06_qa5,emily
s05_e20_c06_qa6,monica
s05_e20_c06_qa7,emily
s05_e20_c06_qa8,monica
s05_e20_c06_qa9,ross
s05_e20_c06_qa10,ross or monica
s05_e20_c06_qa11,rachel
s05_e20_c06_qa12,monica
s05_e20_c06_qa13,rachel
s05_e20_c06_qa14,rachel
s05_e20_c06_qa15,rachel
s05_e20_c06_qa16,rachel
s05_e20_c07_qa0,gary
s05_e20_c07_qa1,gary
s05_e20_c07_qa2,gary
s05_e20_c07_qa3,gary
s05_e20_c07_qa4,gary
s05_e20_c07_qa5,gary
s05_e20_c07_qa6,gary
s05_e20_c07_qa7,gary
s05_e20_c07_qa8,gary
s05_e20_c07_qa9,chandler
s05_e20_c07_qa10,joey or chandler
s05_e20_c07_qa11,gary
s05_e20_c08_qa0,emily
s05_e20_c08_qa1,monica
s05_e20_c08_qa2,rachel
s05_e20_c08_qa3,ross
s05_e20_c08_qa4,monica
s05_e20_c08_qa5,rachel or ross or monica or emily
s05_e20_c08_qa6,emily
s05_e20_c08_qa7,emily
s05_e20_c08_qa8,emily
s05_e21_c09_qa0,monica
s05_e21_c09_qa1,
s05_e21_c09_qa2,gunther or joey
s05_e21_c09_qa3,monica
s05_e21_c09_qa4,rachel
s05_e21_c09_qa5,ross
s05_e21_c09_qa6,monica
s05_e21_c09_qa7,monica
s05_e21_c09_qa8,monica
s05_e21_c09_qa9,monica
s05_e21_c09_qa10,monica
s05_e24_c04_qa0,rachel
s05_e24_c04_qa1,ross
s05_e24_c04_qa2,rachel
s05_e24_c04_qa3,ross
s05_e24_c04_qa4,ross
s05_e24_c04_qa5,ross
s05_e24_c04_qa6,company
s05_e24_c04_qa7,company
s05_e24_c04_qa8,ross
s05_e24_c04_qa9,rachel
s05_e24_c04_qa10,rachel
s05_e24_c04_qa11,company
s05_e24_c04_qa12,rachel
s05_e24_c07_qa0,ross
s05_e24_c07_qa1,ross
s05_e24_c07_qa2,ross
s05_e24_c07_qa3,ross
s05_e24_c07_qa4,ross
s05_e24_c07_qa5,ross
s05_e24_c07_qa6,ross
s06_e02_c05_qa0,rachel
s06_e02_c05_qa1,rachel
s06_e02_c05_qa2,rachel
s06_e02_c05_qa3,rachel
s06_e02_c05_qa4,ross
s06_e02_c05_qa5,rachel
s06_e02_c05_qa6,rachel
s06_e02_c05_qa7,rachel
s06_e02_c05_qa8,rachel
s06_e02_c05_qa9,rachel
s06_e02_c05_qa10,rachel
s06_e02_c05_qa11,rachel
s06_e02_c05_qa12,rachel
s06_e02_c05_qa13,rachel
s06_e02_c05_qa14,rachel
s06_e02_c05_qa15,rachel
s06_e02_c05_qa16,rachel
s06_e02_c05_qa17,rachel
s06_e02_c05_qa18,rachel
s06_e02_c05_qa19,rachel
s06_e02_c05_qa20,ross
s06_e02_c10_qa0,phoebe
s06_e02_c10_qa1,phoebe
s06_e02_c10_qa2,phoebe
s06_e02_c10_qa3,phoebe
s06_e02_c10_qa4,phoebe
s06_e02_c10_qa5,phoebe
s06_e02_c10_qa6,ross
s06_e02_c10_qa7,phoebe
s06_e02_c10_qa8,phoebe
s06_e02_c10_qa9,phoebe
s06_e02_c10_qa10,ross
s06_e02_c10_qa11,ross
s06_e02_c10_qa12,phoebe
s06_e02_c10_qa13,rachel
s06_e02_c10_qa14,ross
s06_e02_c11_qa0,chandler
s06_e02_c11_qa1,racael
s06_e03_c01_qa0,denise
s06_e03_c01_qa1,chandler
s06_e03_c01_qa2,chandler
s06_e03_c01_qa3,chandler
s06_e03_c01_qa4,chandler
s06_e03_c01_qa5,denise
s06_e03_c01_qa6,denise
s06_e03_c01_qa7,denise
s06_e03_c01_qa8,denise
s06_e03_c01_qa9,joey
s06_e03_c01_qa10,phoebe
s06_e03_c01_qa11,denise
s06_e03_c01_qa12,denise
s06_e03_c01_qa13,denise
s06_e03_c01_qa14,chandler
s06_e03_c01_qa15,chandler
s06_e03_c01_qa16,denise
s06_e03_c01_qa17,phoebe
s06_e03_c01_qa18,joey
s06_e03_c04_qa0,monica
s06_e03_c04_qa1,joey or monica
s06_e04_c05_qa0,estelle
s06_e04_c07_qa0,monica
s06_e04_c07_qa1,
s06_e04_c07_qa2,rachel or rigby
s06_e04_c07_qa3,ross
s06_e04_c07_qa4,rachel or rigby
s06_e04_c07_qa5,monica
s06_e04_c14_qa0,rachel
s06_e04_c14_qa1,rachel
s06_e04_c14_qa2,phoebe
s06_e04_c14_qa3,phoebe
s06_e04_c14_qa4,phoebe
s06_e04_c14_qa5,rachel
s06_e04_c14_qa6,rachel
s06_e04_c16_qa0,ross
s06_e04_c16_qa1,ross
s06_e04_c16_qa2,rachel
s06_e04_c16_qa3,ross
s06_e04_c16_qa4,ross
s06_e06_c08_qa0,cups
s06_e06_c08_qa1,cups
s06_e06_c08_qa2,chandler or cups
s06_e06_c08_qa3,chandler
s06_e06_c08_qa4,chandler
s06_e06_c08_qa5,chandler
s06_e06_c08_qa6,chandler
s06_e06_c08_qa7,cups
s06_e06_c08_qa8,chandler
s06_e06_c08_qa9,chandler
s06_e06_c08_qa10,chandler
s06_e06_c08_qa11,cups
s06_e06_c08_qa12,chandler
s06_e06_c08_qa13,joey
s06_e06_c08_qa14,chandler
s06_e06_c08_qa15,cups
s06_e07_c06_qa0,jan
s06_e08_c11_qa0,rachel
s06_e08_c11_qa1,ralph
s06_e08_c11_qa2,rachel
s06_e08_c11_qa3,rachel
s06_e08_c11_qa4,ralph
s06_e08_c11_qa5,ralph or kim
s06_e08_c11_qa6,ralph or kim
s06_e08_c11_qa7,ralph
s06_e08_c11_qa8,rachel
s06_e08_c11_qa9,ralph
s06_e08_c11_qa10,ralph
s06_e08_c11_qa11,ralph
s06_e08_c11_qa12,ralph
s06_e08_c11_qa13,rachel
s06_e08_c11_qa14,kim
s06_e08_c11_qa15,kim
s06_e08_c11_qa16,kim
s06_e08_c11_qa17,rachel
s06_e08_c11_qa18,kim
s06_e08_c11_qa19,ralph
s06_e10_c01_qa0,phoebe
s06_e10_c03_qa0,ross
s06_e11_c06_qa0,chandler
s06_e11_c06_qa1,janine
s06_e11_c06_qa2,joey
s06_e11_c06_qa3,joey
s06_e11_c06_qa4,monica
s06_e11_c06_qa5,joey
s06_e11_c07_qa0,chandler
s06_e11_c07_qa1,jannine
s06_e11_c07_qa2,monica
s06_e12_c09_qa0,phoebe
s06_e12_c09_qa1,monica
s06_e12_c09_qa2,monica
s06_e12_c09_qa3,phoebe
s06_e12_c09_qa4,rachel
s06_e12_c09_qa5,phoebe
s06_e12_c09_qa6,phoebe
s06_e12_c09_qa7,phoebe
s06_e12_c09_qa8,phoebe
s06_e12_c10_qa0,gunther
s06_e12_c10_qa1,joey
s06_e12_c10_qa2,joey or gunther
s06_e13_c11_qa0,monica
s06_e13_c11_qa1,monica
s06_e13_c11_qa2,monica
s06_e13_c11_qa3,monica
s06_e13_c11_qa4,monica
s06_e13_c11_qa5,monica
s06_e13_c11_qa6,monica
s06_e13_c11_qa7,ross
s06_e13_c11_qa8,ross
s06_e15_c05_qa0,monica
s06_e15_c05_qa1,monica
s06_e15_c05_qa2,monica
s06_e15_c05_qa3,monica
s06_e15_c05_qa4,monica
s06_e15_c05_qa5,ross
s06_e15_c05_qa6,ross
s06_e15_c05_qa7,ross
s06_e15_c05_qa8,ross
s06_e15_c05_qa9,ross
s06_e16_c02_qa0,ross
s06_e16_c02_qa1,ross
s06_e16_c02_qa2,ross
s06_e16_c02_qa3,ross
s06_e16_c02_qa4,ross
s06_e16_c02_qa5,ross
s06_e16_c02_qa6,ross
s06_e16_c02_qa7,ross
s06_e16_c10_qa0,joey
s06_e16_c10_qa1,rachel
s06_e16_c10_qa2,rachel
s06_e16_c10_qa3,joey
s06_e16_c10_qa4,joey
s06_e16_c10_qa5,joey
s06_e16_c10_qa6,joey
s06_e16_c10_qa7,joey
s06_e16_c10_qa8,joey
s06_e16_c10_qa9,joey
s06_e16_c10_qa10,joey
s06_e16_c10_qa11,rachel
s06_e17_c03_qa0,chandler
s06_e17_c03_qa1,monica
s06_e17_c12_qa0,chandler
s06_e17_c12_qa1,monica
s06_e17_c12_qa2,janice
s06_e17_c12_qa3,monica
s06_e17_c12_qa4,chandler
s06_e17_c12_qa5,janice
s06_e17_c12_qa6,janice
s06_e17_c12_qa7,janice
s06_e17_c12_qa8,monica
s06_e17_c12_qa9,monica
s06_e17_c12_qa10,monica
s06_e17_c12_qa11,
s06_e17_c12_qa12,janice
s06_e17_c12_qa13,monica
s06_e18_c01_qa0,ross
s06_e18_c03_qa0,elizabeth
s06_e18_c03_qa1,ross
s06_e18_c03_qa2,elizabeth
s06_e18_c03_qa3,elizabeth
s06_e18_c03_qa4,elizabeth
s06_e18_c03_qa5,burt
s06_e18_c03_qa6,burt
s06_e18_c03_qa7,elizabeth
s06_e18_c05_qa0,joey
s06_e18_c06_qa0,
s06_e18_c06_qa1,howie
s06_e18_c06_qa2,howie or joey
s06_e18_c19_qa0,elizabeth
s06_e18_c19_qa1,ross
s06_e18_c19_qa2,elizabeth
s06_e18_c19_qa3,ross
s06_e19_c04_qa0,chandler
s06_e19_c04_qa1,chandler
s06_e19_c04_qa2,joe
s06_e19_c04_qa3,joe
s06_e19_c05_qa0,elizabeth
s06_e19_c05_qa1,ross
s06_e19_c05_qa2,feesen
s06_e19_c05_qa3,feesen
s06_e19_c05_qa4,feesen
s06_e19_c05_qa5,feesen
s06_e19_c05_qa6,feesen
s06_e19_c05_qa7,feesen
s06_e19_c05_qa8,elizabeth
s06_e19_c05_qa9,ross
s06_e19_c05_qa10,elizabeth
s06_e19_c05_qa11,elizabeth
s06_e19_c05_qa12,elizabeth
s06_e19_c05_qa13,elizabeth
s06_e19_c05_qa14,elizabeth
s06_e19_c05_qa15,elizabeth
s06_e19_c07_qa0,elizabeth
s06_e21_c03_qa0,joey
s06_e21_c03_qa1,joey
s06_e21_c03_qa2,mac
s06_e21_c03_qa3,joey
s06_e21_c03_qa4,joey
s06_e21_c03_qa5,mac
s06_e21_c05_qa0,chandler
s06_e21_c05_qa1,monica
s06_e21_c05_qa2,phoebe
s06_e21_c16_qa0,
s06_e21_c16_qa1,wayne
s06_e21_c16_qa2,wayne
s06_e21_c16_qa3,wayne
s06_e22_c08_qa0,monica
s06_e22_c08_qa1,monica
s06_e22_c08_qa2,
s06_e22_c08_qa3,monica
s06_e22_c08_qa4,chandler
s06_e24_c10_qa0,monica
s06_e24_c10_qa1,monica
s06_e24_c10_qa2,monica
s06_e24_c10_qa3,monica
s06_e24_c10_qa4,chandler
s06_e24_c10_qa5,elizabeth
s06_e24_c10_qa6,monica
s06_e24_c10_qa7,ross
s06_e24_c10_qa8,ross
s06_e24_c10_qa9,ross
s06_e24_c10_qa10,ross
s06_e24_c10_qa11,ross
s06_e24_c10_qa12,ross
s06_e25_c02_qa0,chandler
s06_e25_c02_qa1,monica
s06_e25_c02_qa2,phoebe
s06_e25_c02_qa3,chandler
s06_e25_c02_qa4,monica
s06_e25_c02_qa5,phoebe
s07_e01_c01_qa0,joey
s07_e01_c01_qa1,ross
s07_e01_c01_qa2,ross
s07_e01_c01_qa3,ross
s07_e02_c07_qa0,geller
s07_e02_c07_qa1,geller
s07_e02_c07_qa2,geller or chandler or monica
s07_e02_c07_qa3,
s07_e03_c08_qa0,monica or phoebe
s07_e03_c08_qa1,phoebe
s07_e03_c08_qa2,ross
s07_e03_c11_qa0,chandler
s07_e03_c11_qa1,geller
s07_e03_c11_qa2,geller or chandler
s07_e04_c10_qa0,ross
s07_e04_c10_qa1,ross
s07_e04_c10_qa2,ross
s07_e04_c10_qa3,ross
s07_e06_c07_qa0,lewis
s07_e06_c07_qa1,lewis
s07_e07_c02_qa0,wendy
s07_e07_c02_qa1,wendy
s07_e07_c02_qa2,ross
s07_e07_c02_qa3,wendy bagina
s07_e07_c11_qa0,phoebe
s07_e07_c11_qa1,rachel
s07_e07_c13_qa0,ross
s07_e09_c12_qa0,monica
s07_e09_c12_qa1,joey
s07_e09_c12_qa2,monica
s07_e10_c06_qa0,monica
s07_e10_c06_qa1,monica
s07_e10_c06_qa2,chandler
s07_e10_c06_qa3,chandler
s07_e10_c06_qa4,chandler
s07_e10_c06_qa5,chandler
s07_e11_c03_qa0,phoebe
s07_e11_c03_qa1,phoebe
s07_e12_c07_qa0,rachel
s07_e12_c07_qa1,tag
s07_e12_c07_qa2,tag
s07_e12_c07_qa3,rachel
s07_e12_c07_qa4,tag
s07_e12_c07_qa5,tag
s07_e12_c07_qa6,tag
s07_e12_c07_qa7,tag
s07_e12_c07_qa8,tag
s07_e12_c07_qa9,tag
s07_e12_c07_qa10,tag
s07_e12_c07_qa11,tag
s07_e12_c07_qa12,tag
s07_e12_c07_qa13,tag
s07_e12_c07_qa14,tag
s07_e12_c07_qa15,tag
s07_e12_c07_qa16,tag
s07_e12_c18_qa0,monica
s07_e12_c18_qa1,monica
s07_e12_c18_qa2,monica
s07_e12_c18_qa3,phoebe
s07_e12_c18_qa4,monica
s07_e12_c18_qa5,monica
s07_e12_c18_qa6,phoebe
s07_e12_c18_qa7,monica
s07_e12_c18_qa8,monica
s07_e12_c18_qa9,monica
s07_e12_c18_qa10,phoebe
s07_e12_c18_qa11,monica
s07_e12_c18_qa12,phoebe
s07_e12_c18_qa13,phoebe
s07_e12_c18_qa14,monica
s07_e13_c11_qa0,geller
s07_e13_c11_qa1,monica
s07_e14_c14_qa0,
s07_e14_c14_qa1,joey
s07_e14_c14_qa2,ross
s07_e16_c02_qa0,joey
s07_e16_c02_qa1,joey
s07_e16_c02_qa2,joey
s07_e16_c02_qa3,joey
s07_e16_c02_qa4,joey
s07_e16_c02_qa5,joey
s07_e16_c02_qa6,chandler
s07_e16_c02_qa7,joey
s07_e16_c02_qa8,monica
s07_e16_c02_qa9,phoebe
s07_e16_c02_qa10,joey or chandler or monica
s07_e16_c02_qa11,monica
s07_e16_c02_qa12,monica
s07_e16_c02_qa13,joey
s07_e16_c02_qa14,monica
s07_e18_c04_qa0,rachel
s07_e18_c04_qa1,rachel
s07_e18_c04_qa2,rachel
s07_e18_c06_qa0,rachel
s07_e18_c06_qa1,rachel
s07_e18_c06_qa2,rachel
s07_e18_c06_qa3,joey
s07_e18_c06_qa4,rachel
s07_e18_c06_qa5,ross
s07_e18_c06_qa6,joey
s07_e18_c06_qa7,ross
s07_e18_c06_qa8,joey
s07_e18_c06_qa9,joey
s07_e18_c06_qa10,joey
s07_e18_c06_qa11,joey
s07_e18_c11_qa0,alan
s07_e18_c11_qa1,alan
s07_e18_c11_qa2,alan
s07_e18_c11_qa3,ned
s07_e18_c11_qa4,ned
s07_e18_c11_qa5,ned
s07_e18_c11_qa6,ned
s07_e18_c11_qa7,ned
s07_e18_c11_qa8,alan
s07_e18_c11_qa9,alan
s07_e18_c11_qa10,alan
s07_e18_c11_qa11,alan
s07_e18_c11_qa12,alan
s07_e19_c02_qa0,rachel
s07_e19_c02_qa1,rachel or ross or cassie or phoebe
s07_e19_c02_qa2,ross
s07_e19_c02_qa3,cassie or phoebe
s07_e19_c02_qa4,phoebe
s07_e19_c02_qa5,chandler
s07_e19_c02_qa6,chandler
s07_e19_c02_qa7,rachel
s07_e19_c02_qa8,ross
s07_e19_c02_qa9,rachel
s07_e19_c02_qa10,rachel
s07_e19_c02_qa11,rachel
s07_e19_c02_qa12,rachel
s07_e19_c02_qa13,
s07_e19_c02_qa14,rachel
s07_e19_c02_qa15,ross
s07_e19_c02_qa16,rachel
s07_e19_c02_qa17,ross
s07_e19_c02_qa18,ross
s07_e19_c15_qa0,monica
s07_e19_c15_qa1,phoebe
s07_e19_c15_qa2,rachel
s07_e19_c15_qa3,rachel
s07_e19_c15_qa4,monica
s07_e19_c15_qa5,phoebe
s07_e19_c15_qa6,monica
s07_e19_c15_qa7,rachel
s07_e19_c15_qa8,monica
s07_e19_c15_qa9,phoebe
s07_e19_c15_qa10,phoebe
s07_e19_c15_qa11,rachel
s07_e19_c15_qa12,monica
s07_e19_c15_qa13,phoebe
s07_e19_c15_qa14,rachel
s07_e22_c06_qa0,monica
s07_e22_c06_qa1,monica
s07_e22_c06_qa2,monica
s07_e22_c06_qa3,monica
s07_e22_c06_qa4,monica
s07_e22_c06_qa5,monica
s07_e22_c06_qa6,monica
s07_e22_c06_qa7,monica
s07_e22_c06_qa8,monica
s07_e22_c06_qa9,monica
s07_e22_c06_qa10,monica
s07_e22_c06_qa11,monica
s07_e22_c06_qa12,monica
s07_e22_c06_qa13,monica
s07_e22_c06_qa14,monica
s07_e22_c06_qa15,monica
s07_e22_c06_qa16,monica
s07_e22_c06_qa17,monica
s07_e22_c06_qa18,monica
s07_e22_c06_qa19,monica
s07_e22_c06_qa20,monica
s07_e22_c06_qa21,monica
s07_e22_c06_qa22,monica
s07_e22_c06_qa23,monica
s07_e22_c06_qa24,monica
s07_e22_c06_qa25,monica
s07_e22_c06_qa26,chandler
s07_e22_c06_qa27,monica
s07_e22_c06_qa28,chandler
s07_e23_c03_qa0,richard
s07_e24_c05_qa0,chandler
s07_e24_c05_qa1,rachel
s07_e24_c05_qa2,phoebe
s07_e24_c05_qa3,rachel
s07_e24_c05_qa4,rachel
s07_e24_c05_qa5,rachel
s07_e24_c05_qa6,monica
s07_e24_c05_qa7,phoebe
s07_e24_c05_qa8,phoebe
s07_e24_c05_qa9,monica
s07_e24_c05_qa10,rachel
s07_e24_c05_qa11,rachel
s08_e01_c06_qa0,joey
s08_e01_c06_qa1,joey
s08_e01_c06_qa2,ross
s08_e01_c06_qa3,mona
s08_e01_c06_qa4,joey or ross or mona
s08_e01_c06_qa5,ross
s08_e01_c06_qa6,ross
s08_e01_c06_qa7,joey or ross or mona
s08_e01_c06_qa8,joey
s08_e02_c02_qa0,ross
s08_e02_c02_qa1,monica
s08_e02_c02_qa2,monica
s08_e02_c02_qa3,ross
s08_e02_c02_qa4,ross
s08_e02_c10_qa0,rachel
s08_e02_c10_qa1,rachel
s08_e02_c10_qa2,tag
s08_e02_c10_qa3,phoebe
s08_e02_c10_qa4,phoebe
s08_e02_c10_qa5,phoebe
s08_e02_c10_qa6,phoebe
s08_e02_c10_qa7,phoebe
s08_e02_c10_qa8,phoebe
s08_e02_c10_qa9,phoebe
s08_e02_c10_qa10,rachel
s08_e02_c10_qa11,rachel
s08_e02_c10_qa12,rachel
s08_e02_c10_qa13,rachel
s08_e02_c10_qa14,phoebe
s08_e02_c10_qa15,rachel
s08_e05_c07_qa0,tim
s08_e05_c07_qa1,tim
s08_e05_c07_qa2,monica
s08_e05_c07_qa3,
s08_e05_c07_qa4,time
s08_e05_c07_qa5,monica
s08_e05_c07_qa6,monica
s08_e05_c07_qa7,tim
s08_e05_c07_qa8,monica
s08_e05_c07_qa9,tim
s08_e05_c07_qa10,tim
s08_e05_c07_qa11,tim
s08_e05_c07_qa12,tim
s08_e05_c07_qa13,tim
s08_e05_c07_qa14,tim
s08_e05_c07_qa15,monica
s08_e05_c07_qa16,phoebe
s08_e05_c07_qa17,tim
s08_e05_c07_qa18,tim
s08_e06_c02_qa0,phoebe
s08_e06_c02_qa1,ursula
s08_e06_c02_qa2,phoebe
s08_e06_c02_qa3,phoebe
s08_e06_c02_qa4,phoebe
s08_e06_c02_qa5,phoebe
s08_e06_c02_qa6,ursula
s08_e06_c02_qa7,phoebe
s08_e06_c02_qa8,phoebe
s08_e06_c02_qa9,phoebe
s08_e06_c02_qa10,ursula or phoebe
s08_e06_c02_qa11,phoebe
s08_e09_c04_qa0,joey or monica
s08_e09_c04_qa1,joey
s08_e09_c04_qa2,joey
s08_e09_c04_qa3,joey
s08_e09_c04_qa4,monica
s08_e09_c04_qa5,monica
s08_e10_c04_qa0,dina
s08_e10_c04_qa1,joey
s08_e10_c04_qa2,dina
s08_e10_c04_qa3,joey
s08_e10_c04_qa4,joey
s08_e10_c04_qa5,joey
s08_e10_c05_qa0,chandler
s08_e10_c05_qa1,christmas party
s08_e10_c05_qa2,monica
s08_e10_c05_qa3,chandler
s08_e10_c05_qa4,chandler
s08_e10_c05_qa5,chandler
s08_e10_c05_qa6,christmas party
s08_e10_c05_qa7,christmas party
s08_e10_c05_qa8,chandler
s08_e10_c05_qa9,chandler
s08_e10_c05_qa10,chandler
s08_e10_c05_qa11,christmas party
s08_e10_c08_qa0,chandler
s08_e10_c08_qa1,chandler
s08_e10_c08_qa2,chandler
s08_e10_c08_qa3,monica
s08_e11_c11_qa0,mona
s08_e11_c11_qa1,mona
s08_e11_c11_qa2,mona
s08_e11_c11_qa3,mona
s08_e11_c11_qa4,ross
s08_e11_c11_qa5,ross
s08_e11_c11_qa6,ross
s08_e11_c11_qa7,ross
s08_e11_c12_qa0,doug
s08_e11_c12_qa1,doug
s08_e11_c12_qa2,doug
s08_e11_c12_qa3,doug
s08_e11_c12_qa4,monica
s08_e11_c12_qa5,doug
s08_e11_c12_qa6,doug
s08_e11_c12_qa7,doug
s08_e11_c12_qa8,doug
s08_e11_c12_qa9,doug
s08_e11_c12_qa10,doug
s08_e11_c12_qa11,chandler
s08_e11_c12_qa12,monica
s08_e11_c12_qa13,doug
s08_e11_c12_qa14,monica
s08_e11_c12_qa15,monica
s08_e12_c04_qa0,joey
s08_e12_c04_qa1,rachel
s08_e12_c04_qa2,joey
s08_e12_c04_qa3,joey
s08_e12_c04_qa4,rachel
s08_e12_c04_qa5,rachel
s08_e12_c04_qa6,joey
s08_e12_c04_qa7,joey
s08_e12_c04_qa8,joey
s08_e12_c04_qa9,rachel
s08_e12_c04_qa10,joey
s08_e13_c04_qa0,monica
s08_e13_c04_qa1,monica
s08_e13_c04_qa2,monica
s08_e13_c04_qa3,monica
s08_e13_c04_qa4,monica
s08_e13_c04_qa5,monica
s08_e13_c08_qa0,
s08_e13_c08_qa1,ross
s08_e13_c08_qa2,monica
s08_e13_c08_qa3,monica
s08_e13_c08_qa4,monica
s08_e13_c08_qa5,phoebe
s08_e13_c08_qa6,monica
s08_e13_c08_qa7,joey
s08_e13_c08_qa8,joey
s08_e13_c08_qa9,joey
s08_e13_c08_qa10,joey
s08_e13_c08_qa11,joey
s08_e17_c09_qa0,rachel or joey
s08_e17_c09_qa1,joey
s08_e17_c09_qa2,rachel
s08_e17_c09_qa3,joey
s08_e17_c09_qa4,chandler
s08_e17_c09_qa5,chandler
s08_e17_c09_qa6,chandler
s08_e17_c09_qa7,chandler
s08_e17_c09_qa8,chandler
s08_e17_c09_qa9,
s08_e17_c09_qa10,chandler
s08_e17_c09_qa11,monica
s08_e17_c09_qa12,chandler
s08_e17_c09_qa13,chandler or monica
s08_e17_c09_qa14,chandler
s08_e17_c09_qa15,chandler
s08_e17_c09_qa16,joey
s08_e17_c09_qa17,joey
s08_e17_c09_qa18,rachel
s08_e21_c02_qa0,rachel
s08_e21_c02_qa1,ross
s08_e21_c02_qa2,rachel
s08_e21_c02_qa3,ross
s08_e21_c08_qa0,katie
s08_e21_c08_qa1,katie
s08_e21_c08_qa2,ross
s08_e21_c08_qa3,katie
s08_e21_c11_qa0,chandler
s08_e21_c11_qa1,phoebe
s08_e21_c11_qa2,phoebe
s08_e21_c11_qa3,chandler
s08_e21_c11_qa4,phoebe
s08_e21_c11_qa5,chandler
s08_e21_c11_qa6,phoebe
s08_e22_c01_qa0,monica
s08_e22_c01_qa1,joey
s08_e22_c01_qa2,joey
s08_e22_c01_qa3,central perk
s08_e22_c01_qa4,monica
s08_e22_c01_qa5,central perk
s08_e22_c01_qa6,central perk
s08_e22_c01_qa7,joey
s08_e22_c01_qa8,ross
s08_e22_c12_qa0,rachel
s08_e22_c12_qa1,rachel
s08_e22_c12_qa2,rachel
s08_e22_c12_qa3,monica
s08_e22_c12_qa4,phoebe
s08_e22_c12_qa5,rachel
s08_e22_c12_qa6,rachel
s08_e22_c12_qa7,rachel
s08_e22_c12_qa8,rachel
s08_e22_c12_qa9,rachel
s08_e22_c12_qa10,monica
s08_e22_c12_qa11,monica
s08_e22_c12_qa12,phoebe
s08_e22_c12_qa13,phoebe
s08_e22_c12_qa14,phoebe
s08_e22_c12_qa15,rachel
s08_e22_c12_qa16,rachel
s08_e22_c12_qa17,phoebe
s08_e24_c10_qa0,cliff
s08_e24_c10_qa1,rachel
s08_e24_c10_qa2,rachel
s08_e24_c10_qa3,phoebe
s08_e24_c10_qa4,rachel
s08_e24_c10_qa5,rachel
s08_e24_c10_qa6,rachel
s08_e24_c10_qa7,rachel
s08_e24_c10_qa8,rachel
s08_e24_c10_qa9,joey
s08_e24_c10_qa10,phoebe
s08_e24_c10_qa11,rachel
s08_e24_c10_qa12,rachel
s08_e24_c10_qa13,rachel
s08_e24_c10_qa14,rachel
s08_e24_c10_qa15,rachel
s08_e24_c10_qa16,rachel
s08_e24_c10_qa17,rachel
s08_e24_c10_qa18,rachel
s08_e24_c10_qa19,rachel
s08_e24_c10_qa20,rachel
s08_e24_c10_qa21,phoebe
s08_e24_c10_qa22,rachel
s08_e24_c10_qa23,cliff
s08_e24_c10_qa24,cliff
s08_e24_c10_qa25,rachel
s09_e03_c04_qa0,monica
s09_e03_c04_qa1,monica
s09_e03_c04_qa2,monica
s09_e03_c04_qa3,
s09_e03_c04_qa4,rachel
s09_e03_c04_qa5,emma
s09_e03_c04_qa6,emma
s09_e03_c08_qa0,mary ellen
s09_e03_c08_qa1,phoebe
s09_e04_c09_qa0,joey
s09_e04_c09_qa1,joey
s09_e04_c09_qa2,poppy or hayley
s09_e04_c09_qa3,joey
s09_e04_c09_qa4,poppy
s09_e04_c09_qa5,
s09_e04_c09_qa6,joey
s09_e04_c09_qa7,joey
s09_e04_c09_qa8,joey
s09_e04_c09_qa9,joey
s09_e04_c09_qa10,poppy
s09_e04_c09_qa11,hayley or haley
s09_e04_c09_qa12,joey
s09_e04_c09_qa13,hayley or haley
s09_e04_c09_qa14,joey
s09_e04_c09_qa15,joey
s09_e06_c06_qa0,chandler
s09_e06_c06_qa1,phoebe
s09_e06_c06_qa2,
s09_e06_c06_qa3,monica
s09_e06_c06_qa4,phoebe
s09_e07_c04_qa0,ross
s09_e07_c04_qa1,rachel
s09_e07_c04_qa2,rachel
s09_e07_c04_qa3,ross
s09_e07_c04_qa4,rachel
s09_e07_c04_qa5,emma
s09_e07_c04_qa6,rachel
s09_e07_c06_qa0,mike
s09_e07_c06_qa1,mike
s09_e07_c06_qa2,mike
s09_e07_c06_qa3,mike
s09_e07_c06_qa4,mike
s09_e07_c06_qa5,mike
s09_e07_c06_qa6,mike
s09_e07_c06_qa7,phoebe
s09_e07_c06_qa8,phoebe
s09_e07_c13_qa0,rachel
s09_e07_c13_qa1,emma
s09_e07_c13_qa2,mike
s09_e07_c13_qa3,rachel
s09_e07_c13_qa4,rachel
s09_e07_c13_qa5,rachel
s09_e07_c13_qa6,rachel
s09_e10_c01_qa0,ross
s09_e10_c01_qa1,joey
s09_e10_c01_qa2,joey
s09_e10_c01_qa3,joey
s09_e10_c01_qa4,joey
s09_e10_c01_qa5,joey
s09_e10_c01_qa6,monica
s09_e10_c01_qa7,phoebe
s09_e10_c01_qa8,chandler
s09_e11_c06_qa0,steve
s09_e11_c06_qa1,steve
s09_e11_c06_qa2,monica
s09_e11_c06_qa3,steve
s09_e11_c06_qa4,monica
s09_e11_c06_qa5,monica
s09_e11_c06_qa6,monica
s09_e12_c02_qa0,mike
s09_e12_c02_qa1,phoebe
s09_e12_c02_qa2,bob
s09_e12_c02_qa3,mike
s09_e12_c02_qa4,bob
s09_e12_c02_qa5,bob
s09_e12_c02_qa6,bob
s09_e12_c02_qa7,bob
s09_e12_c02_qa8,bob
s09_e12_c02_qa9,phoebe
s09_e12_c02_qa10,bob
s09_e12_c02_qa11,bob
s09_e12_c02_qa12,bob
s09_e12_c02_qa13,bob
s09_e12_c02_qa14,mike
s09_e12_c02_qa15,phoebe
s09_e12_c02_qa16,phoebe
s09_e12_c02_qa17,phoebe
s09_e12_c02_qa18,phoebe
s09_e12_c02_qa19,phoebe
s09_e12_c02_qa20,phoebe
s09_e12_c03_qa0,rachel
s09_e12_c03_qa1,tag
s09_e12_c05_qa0,bob
s09_e12_c05_qa1,mike
s09_e12_c05_qa2,mike
s09_e12_c05_qa3,mike
s09_e12_c05_qa4,mike
s09_e12_c05_qa5,bob
s09_e12_c05_qa6,mike
s09_e12_c08_qa0,gavin
s09_e12_c08_qa1,monica
s09_e12_c08_qa2,rachel
s09_e12_c08_qa3,gavin
s09_e12_c08_qa4,rachel
s09_e12_c08_qa5,monica
s09_e12_c08_qa6,rachel
s09_e13_c13_qa0,phoebe
s09_e13_c13_qa1,phoebe
s09_e14_c09_qa0,phoebe
s09_e14_c09_qa1,phoebe
s09_e14_c09_qa2,rachel
s09_e14_c09_qa3,rachel or joey or ross or steve or phoebe
s09_e14_c09_qa4,steve
s09_e14_c09_qa5,joey
s09_e14_c09_qa6,monica or rachel or joey or ross or steve or phoebe
s09_e14_c09_qa7,ross
s09_e14_c09_qa8,rachel
s09_e14_c09_qa9,ross
s09_e14_c09_qa10,ross
s09_e14_c09_qa11,rachel
s09_e14_c09_qa12,ross
s09_e14_c10_qa0,joey
s09_e14_c10_qa1,chandler
s09_e14_c10_qa2,joey
s09_e14_c10_qa3,joey
s09_e14_c10_qa4,monica
s09_e14_c10_qa5,joey
s09_e14_c10_qa6,chandler
s09_e14_c10_qa7,emma
s09_e14_c10_qa8,emma
s09_e14_c10_qa9,chandler
s09_e14_c10_qa10,chandler
s09_e14_c10_qa11,chandler
s09_e14_c10_qa12,chandler
s09_e14_c10_qa13,chandler
s09_e14_c10_qa14,chandler
s09_e14_c10_qa15,joey
s09_e14_c10_qa16,chandler
s09_e14_c10_qa17,joey
s09_e14_c10_qa18,joey
s09_e14_c10_qa19,joey
s09_e14_c10_qa20,emma
s09_e14_c10_qa21,joey
s09_e14_c10_qa22,emma
s09_e14_c10_qa23,chandler
s09_e15_c03_qa0,bob hope
s09_e15_c03_qa1,bob hope
s09_e15_c03_qa2,bob hope
s09_e15_c03_qa3,
s09_e15_c03_qa4,bob hope
s09_e15_c03_qa5,chandler
s09_e16_c09_qa0,mike
s09_e16_c09_qa1,mike
s09_e16_c09_qa2,phoebe
s09_e16_c09_qa3,phoebe
s09_e16_c09_qa4,phoebe
s09_e19_c08_qa0,hotel
s09_e19_c08_qa1,hotel
s09_e19_c08_qa2,ross
s09_e19_c08_qa3,hotel
s09_e19_c08_qa4,ross
s09_e19_c08_qa5,
s09_e19_c08_qa6,hotel
s09_e19_c08_qa7,ross
s09_e19_c08_qa8,chandler
s09_e19_c11_qa0,phoebe
s09_e19_c11_qa1,phoebe
s09_e19_c11_qa2,phoebe
s09_e19_c11_qa3,phoebe
s09_e19_c11_qa4,phoebe
s09_e19_c11_qa5,monica
s09_e19_c11_qa6,phoebe
s09_e19_c11_qa7,phoebe
s09_e19_c11_qa8,phoebe
s09_e19_c11_qa9,monica
s09_e19_c11_qa10,phoebe
s09_e19_c11_qa11,phoebe
s09_e20_c04_qa0,ross
s09_e20_c04_qa1,ross
s09_e20_c04_qa2,ross
s09_e20_c04_qa3,ross
s09_e21_c09_qa0,ross or monet
s09_e21_c09_qa1,##et
s09_e21_c09_qa2,ross
s09_e23_c08_qa0,david
s09_e23_c08_qa1,mike
s09_e23_c08_qa2,phoebe
s09_e23_c08_qa3,david
s09_e23_c08_qa4,mike
s09_e23_c08_qa5,phoebe
s09_e24_c05_qa0,ross
s09_e24_c05_qa1,rachel
s09_e24_c05_qa2,rachel
s09_e24_c05_qa3,rachel
s09_e24_c05_qa4,rachel
s09_e24_c05_qa5,rachel
s09_e24_c05_qa6,rachel
s09_e24_c05_qa7,rachel
s09_e24_c05_qa8,rachel
s09_e24_c05_qa9,ross
s09_e24_c05_qa10,ross
s09_e24_c05_qa11,joey
s09_e24_c05_qa12,rachel
s09_e24_c05_qa13,ross
s10_e01_c06_qa0,rachel
s10_e01_c06_qa1,rachel
s10_e02_c02_qa0,charlie
s10_e02_c02_qa1,joey
s10_e02_c02_qa2,rachel
s10_e03_c04_qa0,rachel
s10_e03_c04_qa1,rachel
s10_e03_c13_qa0,chandler
s10_e03_c13_qa1,ross
s10_e03_c13_qa2,ross
s10_e05_c02_qa0,amy
s10_e05_c02_qa1,charlie
s10_e05_c02_qa2,charlie
s10_e05_c02_qa3,charlie
s10_e05_c02_qa4,rachel
s10_e05_c02_qa5,rachel
s10_e05_c02_qa6,rachel
s10_e05_c05_qa0,julie
s10_e05_c05_qa1,julie
s10_e05_c05_qa2,knicks
s10_e06_c05_qa0,chandler
s10_e06_c05_qa1,joey
s10_e06_c05_qa2,joey
s10_e06_c05_qa3,joey
s10_e07_c06_qa0,emma
s10_e07_c06_qa1,rachel
s10_e07_c06_qa2,ross
s10_e07_c06_qa3,ross
s10_e07_c06_qa4,ross
s10_e07_c06_qa5,ross
s10_e07_c13_qa0,chandler
s10_e07_c13_qa1,monica
s10_e07_c13_qa2,chandler
s10_e07_c13_qa3,chandler
s10_e09_c03_qa0,erica
s10_e09_c03_qa1,erica
s10_e09_c03_qa2,erica
s10_e09_c03_qa3,chandler
s10_e09_c03_qa4,chandler
s10_e09_c03_qa5,erica
s10_e09_c03_qa6,monica
s10_e09_c03_qa7,monica
s10_e09_c03_qa8,chandler
s10_e09_c03_qa9,chandler
s10_e12_c01_qa0,joey
s10_e12_c01_qa1,joey
s10_e12_c01_qa2,joey
s10_e12_c01_qa3,joey
s10_e12_c01_qa4,joey
s10_e12_c01_qa5,phoebe
s10_e12_c01_qa6,phoebe
s10_e13_c08_qa0,joey
s10_e13_c08_qa1,phoebe
s10_e13_c10_qa0,erica
s10_e13_c10_qa1,billy bob
s10_e13_c11_qa0,
s10_e13_c11_qa1,
s10_e13_c11_qa2,
s10_e13_c11_qa3,phoebe
s10_e13_c11_qa4,
s10_e13_c11_qa5,joey
s10_e13_c11_qa6,joey
s10_e13_c11_qa7,joey
s10_e13_c11_qa8,
s10_e13_c11_qa9,phoebe
s10_e13_c11_qa10,
s10_e14_c06_qa0,monica
s10_e14_c06_qa1,monica
s10_e15_c11_qa0,janice
s10_e15_c11_qa1,janice
s10_e15_c11_qa2,janice
s10_e15_c11_qa3,janice
s10_e15_c11_qa4,janice
s10_e15_c11_qa5,janice
s10_e15_c11_qa6,janice
s10_e15_c11_qa7,chandler or janice
s10_e15_c11_qa8,janice
s10_e16_c03_qa0,monica
s10_e16_c03_qa1,chandler
s10_e16_c03_qa2,joey
s10_e16_c03_qa3,monica
s10_e16_c03_qa4,ross
s10_e16_c03_qa5,
s10_e16_c03_qa6,monica
s10_e16_c03_qa7,monica
s10_e16_c03_qa8,
s10_e16_c03_qa9,ross
s10_e16_c03_qa10,ross
s10_e16_c03_qa11,ross
s10_e16_c03_qa12,ross
s10_e16_c03_qa13,ross
s10_e16_c03_qa14,ross
s10_e16_c03_qa15,ross
s10_e16_c03_qa16,joey
s10_e16_c03_qa17,
s10_e18_c11_qa0,ross
s10_e18_c11_qa1,rachel
s10_e18_c11_qa2,joey
s10_e18_c11_qa3,monica
s10_e18_c11_qa4,joey
s10_e18_c11_qa5,ross
s10_e18_c11_qa6,joey
s10_e18_c11_qa7,rachel
s10_e18_c11_qa8,rachel
s10_e18_c11_qa9,joey
s10_e18_c11_qa10,rachel
s10_e18_c11_qa11,monica
s10_e18_c11_qa12,rachel
s10_e18_c11_qa13,ross
s10_e18_c11_qa14,chandler or monica or rachel or joey or ross
s10_e18_c11_qa15,joey
